{
  "files": [
    {
      "filepath": "/Users/valentindosimont/www/dojo.js/packages/grpc/src/benchmarks/entities.bench.ts",
      "groups": [
        {
          "fullName": "src/benchmarks/entities.bench.ts > Entity Queries Benchmark > Single Entity Retrieval",
          "benchmarks": [
            {
              "id": "-1097988068_0_0_0",
              "sampleCount": 42353,
              "name": "gRPC-Web",
              "rank": 2,
              "rme": 0.17250521060442353,
              "totalTime": 500.01129500003844,
              "min": 0.01099999999951251,
              "max": 0.16754200000013952,
              "hz": 84704.08653467866,
              "period": 0.0118058058461039,
              "mean": 0.0118058058461039,
              "variance": 0.000004572647719749863,
              "sd": 0.0021383750185011664,
              "sem": 0.000010390627672638203,
              "df": 42352,
              "critical": 1.96,
              "moe": 0.00002036563023837088,
              "p75": 0.011542000000190455,
              "p99": 0.01937499999985448,
              "p995": 0.021291000000019267,
              "p999": 0.02474999999958527
            },
            {
              "id": "-1097988068_0_0_1",
              "sampleCount": 98581,
              "name": "torii-wasm",
              "rank": 1,
              "rme": 0.1394407057006659,
              "totalTime": 500.0042209999783,
              "min": 0.004582999999911408,
              "max": 0.11862500000006548,
              "hz": 197160.33557245563,
              "period": 0.005072014089935975,
              "mean": 0.005072014089935975,
              "variance": 0.000001283574626211286,
              "sd": 0.0011329495250059845,
              "sem": 0.000003608394000124455,
              "df": 98580,
              "critical": 1.96,
              "moe": 0.000007072452240243931,
              "p75": 0.005041999999775726,
              "p99": 0.007542000000285043,
              "p995": 0.009750000000167347,
              "p999": 0.015000000000327418
            }
          ]
        },
        {
          "fullName": "src/benchmarks/entities.bench.ts > Entity Queries Benchmark > Batch Entity Retrieval (100 entities)",
          "benchmarks": [
            {
              "id": "-1097988068_0_1_0",
              "sampleCount": 42478,
              "name": "gRPC-Web",
              "rank": 2,
              "rme": 0.1298451814291355,
              "totalTime": 500.00109999996494,
              "min": 0.01116600000023027,
              "max": 0.11845799999991868,
              "hz": 84955.81309721715,
              "period": 0.011770824897593223,
              "mean": 0.011770824897593223,
              "variance": 0.000002582958279157513,
              "sd": 0.0016071584486781361,
              "sem": 0.000007797882114278456,
              "df": 42477,
              "critical": 1.96,
              "moe": 0.000015283848943985774,
              "p75": 0.011583999999857042,
              "p99": 0.0185830000000351,
              "p995": 0.021040999999968335,
              "p999": 0.02449999999953434
            },
            {
              "id": "-1097988068_0_1_1",
              "sampleCount": 103510,
              "name": "torii-wasm",
              "rank": 1,
              "rme": 0.14272786354958406,
              "totalTime": 500.00467299991215,
              "min": 0.004500000000007276,
              "max": 0.12191700000039418,
              "hz": 207018.06520919895,
              "period": 0.0048304963095344615,
              "mean": 0.0048304963095344615,
              "variance": 0.000001280770173495814,
              "sd": 0.0011317111705270977,
              "sem": 0.0000035175837660408365,
              "df": 103509,
              "critical": 1.96,
              "moe": 0.00000689446418144004,
              "p75": 0.004791000000295753,
              "p99": 0.007459000000380911,
              "p995": 0.009625000000596629,
              "p999": 0.014874999999847205
            }
          ]
        },
        {
          "fullName": "src/benchmarks/entities.bench.ts > Entity Queries Benchmark > Complex Query (Multiple Models)",
          "benchmarks": [
            {
              "id": "-1097988068_0_2_0",
              "sampleCount": 42273,
              "name": "gRPC-Web",
              "rank": 2,
              "rme": 0.14913916509547304,
              "totalTime": 500.0067989999907,
              "min": 0.01116600000023027,
              "max": 0.1520829999999478,
              "hz": 84544.85035912639,
              "period": 0.011828041515860968,
              "mean": 0.011828041515860968,
              "variance": 0.0000034242070915062497,
              "sd": 0.0018504613185652517,
              "sem": 0.00000900012365505152,
              "df": 42272,
              "critical": 1.96,
              "moe": 0.00001764024236390098,
              "p75": 0.011709000000337255,
              "p99": 0.01883300000008603,
              "p995": 0.02104200000030687,
              "p999": 0.024833000000398897
            },
            {
              "id": "-1097988068_0_2_1",
              "sampleCount": 101599,
              "name": "torii-wasm",
              "rank": 1,
              "rme": 0.1791785020444688,
              "totalTime": 500.0002300003198,
              "min": 0.004457999999431195,
              "max": 0.1567910000012489,
              "hz": 203197.90652883303,
              "period": 0.0049213105443982694,
              "mean": 0.0049213105443982694,
              "variance": 0.000002056414394389747,
              "sd": 0.0014340203605213377,
              "sem": 0.000004498944140004751,
              "df": 101598,
              "critical": 1.96,
              "moe": 0.000008817930514409312,
              "p75": 0.0048749999987194315,
              "p99": 0.008332999999765889,
              "p995": 0.009833000000071479,
              "p999": 0.01658300000053714
            }
          ]
        },
        {
          "fullName": "src/benchmarks/entities.bench.ts > Entity Queries Benchmark > Pagination (Next Page)",
          "benchmarks": [
            {
              "id": "-1097988068_0_3_0",
              "sampleCount": 41598,
              "name": "gRPC-Web",
              "rank": 2,
              "rme": 0.2867956051154176,
              "totalTime": 500.00084499981676,
              "min": 0.011167000000568805,
              "max": 0.2778330000001006,
              "hz": 83195.8593990281,
              "period": 0.012019828958118582,
              "mean": 0.012019828958118582,
              "variance": 0.000012867727848767956,
              "sd": 0.003587161530899878,
              "sem": 0.000017587929180752234,
              "df": 41597,
              "critical": 1.96,
              "moe": 0.000034472341194274376,
              "p75": 0.011833999998998479,
              "p99": 0.016874999999345164,
              "p995": 0.02087500000016007,
              "p999": 0.033416999998735264
            },
            {
              "id": "-1097988068_0_3_1",
              "sampleCount": 103078,
              "name": "torii-wasm",
              "rank": 1,
              "rme": 0.13644452864791257,
              "totalTime": 500.0034310000774,
              "min": 0.004499999999097781,
              "max": 0.12049999999908323,
              "hz": 206154.5853672033,
              "period": 0.004850728875221457,
              "mean": 0.004850728875221457,
              "variance": 0.0000011753848632517545,
              "sd": 0.0010841516790798945,
              "sem": 0.000003376813341726586,
              "df": 103077,
              "critical": 1.96,
              "moe": 0.000006618554149784109,
              "p75": 0.004832999999052845,
              "p99": 0.006541999999171821,
              "p995": 0.009374999999636202,